{
  "border-radius": {
    "0": {
      "value": "0px",
      "type": "borderRadius"
    },
    "1": {
      "value": "1px",
      "type": "borderRadius"
    },
    "2": {
      "value": "2px",
      "type": "borderRadius"
    },
    "3": {
      "value": "3px",
      "type": "borderRadius"
    },
    "4": {
      "value": "4px",
      "type": "borderRadius"
    },
    "5": {
      "value": "8px",
      "type": "borderRadius"
    },
    "6": {
      "value": "16px",
      "type": "borderRadius"
    },
    "7": {
      "value": "24px",
      "type": "borderRadius"
    },
    "8": {
      "value": "32px",
      "type": "borderRadius"
    },
    "9": {
      "value": "100px",
      "type": "borderRadius"
    }
  },
  "border-width": {
    "0": {
      "value": "0",
      "type": "borderWidth"
    },
    "1": {
      "value": "1",
      "type": "borderWidth"
    },
    "2": {
      "value": "2",
      "type": "borderWidth"
    },
    "3": {
      "value": "4",
      "type": "borderWidth"
    },
    "4": {
      "value": "5",
      "type": "borderWidth"
    }
  }
}