{
  "opacity": {
    "5": {
      "value": "5%",
      "type": "opacity"
    },
    "10": {
      "value": "10%",
      "type": "opacity"
    },
    "15": {
      "value": "15%",
      "type": "opacity"
    },
    "20": {
      "value": "20%",
      "type": "opacity"
    },
    "25": {
      "value": "25%",
      "type": "opacity"
    },
    "30": {
      "value": "30%",
      "type": "opacity"
    },
    "40": {
      "value": "40%",
      "type": "opacity"
    },
    "50": {
      "value": "50%",
      "type": "opacity"
    },
    "60": {
      "value": "60%",
      "type": "opacity"
    },
    "70": {
      "value": "70%",
      "type": "opacity"
    },
    "80": {
      "value": "80%",
      "type": "opacity"
    },
    "90": {
      "value": "90%",
      "type": "opacity"
    },
    "100": {
      "value": "100%",
      "type": "opacity"
    }
  }
}