{
  "size": {
    "0": {
      "value": "0",
      "type": "sizing"
    },
    "12": {
      "value": "1",
      "type": "sizing"
    },
    "25": {
      "value": "2",
      "type": "sizing"
    },
    "50": {
      "value": "4",
      "type": "sizing"
    },
    "75": {
      "value": "6",
      "type": "sizing"
    },
    "100": {
      "value": "8",
      "type": "sizing"
    },
    "125": {
      "value": "10",
      "type": "sizing"
    },
    "150": {
      "value": "12",
      "type": "sizing"
    },
    "175": {
      "value": "14",
      "type": "sizing"
    },
    "200": {
      "value": "16",
      "type": "sizing"
    },
    "225": {
      "value": "18",
      "type": "sizing"
    },
    "250": {
      "value": "20",
      "type": "sizing"
    },
    "275": {
      "value": "22",
      "type": "sizing"
    },
    "300": {
      "value": "24",
      "type": "sizing"
    },
    "400": {
      "value": "32",
      "type": "sizing"
    },
    "450": {
      "value": "36",
      "type": "sizing"
    },
    "500": {
      "value": "40",
      "type": "sizing"
    },
    "600": {
      "value": "48",
      "type": "sizing"
    },
    "700": {
      "value": "56",
      "type": "sizing"
    },
    "800": {
      "value": "64",
      "type": "sizing"
    },
    "900": {
      "value": "72",
      "type": "sizing"
    },
    "1000": {
      "value": "80",
      "type": "sizing"
    },
    "1200": {
      "value": "96",
      "type": "sizing"
    },
    "1400": {
      "value": "112",
      "type": "sizing"
    },
    "1600": {
      "value": "128",
      "type": "sizing"
    },
    "1800": {
      "value": "144",
      "type": "sizing"
    },
    "2000": {
      "value": "160",
      "type": "sizing"
    },
    "2200": {
      "value": "176",
      "type": "sizing"
    },
    "2400": {
      "value": "192",
      "type": "sizing"
    },
    "2600": {
      "value": "208",
      "type": "sizing"
    },
    "2800": {
      "value": "224",
      "type": "sizing"
    },
    "3000": {
      "value": "240",
      "type": "sizing"
    },
    "3200": {
      "value": "256",
      "type": "sizing"
    },
    "3400": {
      "value": "288",
      "type": "sizing"
    },
    "3600": {
      "value": "320",
      "type": "sizing"
    },
    "3800": {
      "value": "384",
      "type": "sizing"
    }
  }
}