{
  "font-family": {
    "serif": {
      "value": "Inter",
      "type": "fontFamilies"
    },
    "sans-serif": {
      "value": "Inter",
      "type": "fontFamilies"
    },
    "mono": {
      "value": "IBM Plex Mono",
      "type": "fontFamilies"
    }
  },
  "font-size": {
    "0": {
      "value": " 8px",
      "type": "fontSizes"
    },
    "1": {
      "value": "10px",
      "type": "fontSizes"
    },
    "2": {
      "value": "12px",
      "type": "fontSizes"
    },
    "3": {
      "value": "14px",
      "type": "fontSizes"
    },
    "4": {
      "value": "16px",
      "type": "fontSizes"
    },
    "5": {
      "value": "18px",
      "type": "fontSizes"
    },
    "6": {
      "value": "20px",
      "type": "fontSizes"
    },
    "7": {
      "value": "22px",
      "type": "fontSizes"
    },
    "8": {
      "value": "24px",
      "type": "fontSizes"
    },
    "9": {
      "value": "26px",
      "type": "fontSizes"
    },
    "10": {
      "value": "28px",
      "type": "fontSizes"
    },
    "11": {
      "value": "30px",
      "type": "fontSizes"
    },
    "12": {
      "value": "32px",
      "type": "fontSizes"
    },
    "13": {
      "value": "34px",
      "type": "fontSizes"
    },
    "14": {
      "value": "36px",
      "type": "fontSizes"
    },
    "15": {
      "value": "38px",
      "type": "fontSizes"
    },
    "16": {
      "value": "40px",
      "type": "fontSizes"
    },
    "17": {
      "value": "42px",
      "type": "fontSizes"
    },
    "18": {
      "value": "44px",
      "type": "fontSizes"
    },
    "19": {
      "value": "46px",
      "type": "fontSizes"
    },
    "20": {
      "value": "48px",
      "type": "fontSizes"
    },
    "21": {
      "value": "50px",
      "type": "fontSizes"
    },
    "22": {
      "value": "52px",
      "type": "fontSizes"
    },
    "23": {
      "value": "54px",
      "type": "fontSizes"
    },
    "24": {
      "value": "64px",
      "type": "fontSizes"
    },
    "25": {
      "value": "80px",
      "type": "fontSizes"
    },
    "26": {
      "value": "112px",
      "type": "fontSizes"
    },
    "27": {
      "value": "140px",
      "type": "fontSizes"
    },
    "28": {
      "value": "160px",
      "type": "fontSizes"
    }
  },
  "font-style": {
    "normal": {
      "value": "normal",
      "type": "other"
    },
    "italic": {
      "value": "italic",
      "type": "other"
    }
  },
  "font-weight": {
    "semiBold": {
      "value": "Semi Bold",
      "type": "fontWeights",
      "default": "600"
    },
    "regular": {
      "value": "Regular",
      "type": "fontWeights",
      "default": "400"
    },
    "light": {
      "value": "Light",
      "type": "fontWeights",
      "default": "300"
    },
    "bold": {
      "value": "Bold",
      "type": "fontWeights",
      "default": "700"
    }
  },
  "line-height": {
    "1": {
      "value": "130%",
      "type": "lineHeights"
    },
    "2": {
      "value": "150%",
      "type": "lineHeights"
    },
    "100": {
      "value": "100%",
      "type": "lineHeights"
    },
    "120": {
      "value": "120%",
      "type": "lineHeights"
    }
  }
}