{
  "avatar": {
    "font-color": {
      "value": "{semantic.color.navigation.text}",
      "type": "color"
    },
    "icon-color": {
      "value": "{semantic.color.navigation.icon}",
      "type": "color"
    },
    "border-radius": {
      "value": "{semantic.border-radius.navigation.round}",
      "type": "borderRadius"
    },
    "badge": {
      "2xs": {
        "border-width": {
          "value": "{semantic.border-width.status}",
          "type": "borderWidth"
        }
      },
      "xs": {
        "border-width": {
          "value": "{semantic.border-width.navigation}",
          "type": "borderWidth"
        }
      },
      "sm": {
        "border-width": {
          "value": "{semantic.border-width.navigation}",
          "type": "borderWidth"
        }
      },
      "md": {
        "border-width": {
          "value": "{border-width.3}",
          "type": "borderWidth"
        }
      },
      "lg": {
        "border-width": {
          "value": "{border-width.4}",
          "type": "borderWidth"
        }
      },
      "xl": {
        "border-width": {
          "value": "6px",
          "type": "borderWidth"
        }
      },
      "2xl": {
        "border-width": {
          "value": "6px",
          "type": "borderWidth"
        }
      },
      "border-color": {
        "value": "{semantic.color.navigation.border}",
        "type": "color"
      },
      "border-radius": {
        "value": "{semantic.border-radius.navigation.round}",
        "type": "borderRadius"
      }
    },
    "xxs": {
      "height": {
        "value": "{semantic.sizing.navigation.xxs}",
        "type": "sizing"
      },
      "width": {
        "value": "{semantic.sizing.navigation.xxs}",
        "type": "sizing"
      },
      "text-size": {
        "value": "{semantic.font-size.navigation.xxs}",
        "type": "fontSizes"
      },
      "icon-size": {
        "value": "{semantic.sizing.navigation.icon-size.xxs}",
        "type": "sizing"
      }
    },
    "xs": {
      "height": {
        "value": "{semantic.sizing.navigation.xs}",
        "type": "sizing"
      },
      "width": {
        "value": "{semantic.sizing.navigation.xs}",
        "type": "sizing"
      },
      "text-size": {
        "value": "{semantic.font-size.navigation.xs}",
        "type": "fontSizes"
      },
      "icon-size": {
        "value": "{semantic.sizing.navigation.icon-size.xs}",
        "type": "sizing"
      }
    },
    "s": {
      "height": {
        "value": "{semantic.sizing.navigation.s}",
        "type": "sizing"
      },
      "width": {
        "value": "{semantic.sizing.navigation.s}",
        "type": "sizing"
      },
      "text-size": {
        "value": "{semantic.font-size.navigation.s}",
        "type": "fontSizes"
      },
      "icon-size": {
        "value": "{semantic.sizing.navigation.icon-size.s}",
        "type": "sizing"
      }
    },
    "m": {
      "height": {
        "value": "{semantic.sizing.navigation.m}",
        "type": "sizing"
      },
      "width": {
        "value": "{semantic.sizing.navigation.m}",
        "type": "sizing"
      },
      "text-size": {
        "value": "{semantic.font-size.navigation.m}",
        "type": "fontSizes"
      },
      "icon-size": {
        "value": "{semantic.sizing.navigation.icon-size.m}",
        "type": "sizing"
      }
    },
    "l": {
      "height": {
        "value": "{semantic.sizing.navigation.l}",
        "type": "sizing"
      },
      "width": {
        "value": "{semantic.sizing.navigation.l}",
        "type": "sizing"
      },
      "text-size": {
        "value": "{semantic.font-size.navigation.l}",
        "type": "fontSizes"
      },
      "icon-size": {
        "value": "{semantic.sizing.navigation.icon-size.l}",
        "type": "sizing"
      }
    },
    "xl": {
      "height": {
        "value": "{semantic.sizing.navigation.xl}",
        "type": "sizing"
      },
      "width": {
        "value": "{semantic.sizing.navigation.xl}",
        "type": "sizing"
      },
      "text-size": {
        "value": "{semantic.font-size.navigation.xl}",
        "type": "fontSizes"
      },
      "icon-size": {
        "value": "{semantic.sizing.navigation.icon-size.xl}",
        "type": "sizing"
      }
    },
    "xxl": {
      "height": {
        "value": "{semantic.sizing.navigation.xxl}",
        "type": "sizing"
      },
      "width": {
        "value": "{semantic.sizing.navigation.xxl}",
        "type": "sizing"
      },
      "text-size": {
        "value": "{semantic.font-size.navigation.xxl}",
        "type": "fontSizes"
      },
      "icon-size": {
        "value": "{semantic.sizing.navigation.icon-size.xxl}",
        "type": "sizing"
      }
    },
    "xxxl": {
      "height": {
        "value": "{semantic.sizing.navigation.xxxl}",
        "type": "sizing"
      },
      "width": {
        "value": "{semantic.sizing.navigation.xxxl}",
        "type": "sizing"
      },
      "text-size": {
        "value": "{semantic.font-size.navigation.xxxl}",
        "type": "fontSizes"
      },
      "icon-size": {
        "value": "{semantic.sizing.navigation.icon-size.xxxl}",
        "type": "sizing"
      }
    },
    "background-color": {
      "value": "{semantic.color.navigation.background}",
      "type": "color"
    },
    "font-family": {
      "value": "{semantic.font-family.navigation}",
      "type": "fontFamilies"
    }
  }
}