{
  "icon-button": {
    "primary": {
      "default": {
        "solid": {
          "background-color": {
            "value": "{semantic.color.actions.primary.default.background}",
            "type": "color"
          },
          "icon-color": {
            "value": "{semantic.color.actions.primary.default.text}",
            "type": "color"
          }
        },
        "outlined": {
          "border-color": {
            "value": "{semantic.color.actions.primary.default.border}",
            "type": "color"
          },
          "background-color": {
            "value": "{semantic.color.actions.primary.default.quiet-background}",
            "type": "color"
          },
          "icon-color": {
            "value": "{semantic.color.actions.primary.default.background}",
            "type": "color"
          }
        },
        "ghost": {
          "background-color": {
            "value": "{semantic.color.actions.primary.focus.quiet-background}",
            "type": "color"
          },
          "icon-color": {
            "value": "{semantic.color.actions.primary.default.background}",
            "type": "color"
          }
        }
      },
      "hover": {
        "solid": {
          "background-color": {
            "value": "{semantic.color.actions.primary.hover.background}",
            "type": "color"
          },
          "icon-color": {
            "value": "{semantic.color.actions.primary.hover.text}",
            "type": "color"
          }
        },
        "outlined": {
          "border-color": {
            "value": "{semantic.color.actions.primary.active.border}",
            "type": "color"
          },
          "background-color": {
            "value": "{semantic.color.actions.primary.hover.background}",
            "type": "color"
          },
          "icon-color": {
            "value": "{semantic.color.actions.primary.hover.text}",
            "type": "color"
          }
        },
        "ghost": {
          "background-color": {
            "value": "{semantic.color.actions.primary.hover.quiet-background}",
            "type": "color"
          },
          "icon-color": {
            "value": "{semantic.color.actions.primary.hover.text}",
            "type": "color"
          }
        }
      },
      "active": {
        "solid": {
          "background-color": {
            "value": "{semantic.color.actions.primary.active.background}",
            "type": "color"
          },
          "icon-color": {
            "value": "{semantic.color.actions.primary.active.text}",
            "type": "color"
          }
        },
        "outlined": {
          "border-color": {
            "value": "{semantic.color.actions.primary.active.border}",
            "type": "color"
          },
          "background-color": {
            "value": "{semantic.color.actions.primary.active.background}",
            "type": "color"
          },
          "icon-color": {
            "value": "{semantic.color.actions.primary.active.text}",
            "type": "color"
          }
        },
        "ghost": {
          "background-color": {
            "value": "{semantic.color.actions.primary.active.quiet-background}",
            "type": "color"
          },
          "icon-color": {
            "value": "{semantic.color.actions.primary.active.text}",
            "type": "color"
          }
        }
      }
    },
    "secondary": {
      "default": {
        "solid": {
          "background-color": {
            "value": "{semantic.color.actions.secondary.default.border}",
            "type": "color"
          },
          "icon-color": {
            "value": "{color.neutrals.white}",
            "type": "color"
          }
        },
        "outlined": {
          "border-color": {
            "value": "{semantic.color.actions.secondary.default.border}",
            "type": "color"
          },
          "background-color": {
            "value": "{semantic.color.actions.secondary.default.background}",
            "type": "color"
          },
          "icon-color": {
            "value": "{semantic.color.actions.secondary.default.border}",
            "type": "color"
          }
        },
        "ghost": {
          "background-color": {
            "value": "{semantic.color.actions.secondary.default.quiet-background}",
            "type": "color"
          },
          "icon-color": {
            "value": "{semantic.color.actions.secondary.default.quiet-text}",
            "type": "color"
          }
        }
      },
      "hover": {
        "solid": {
          "background-color": {
            "value": "{semantic.color.actions.secondary.hover.background}",
            "type": "color"
          },
          "icon-color": {
            "value": "{semantic.color.actions.secondary.hover.text}",
            "type": "color"
          }
        },
        "outlined": {
          "border-color": {
            "value": "{semantic.color.actions.secondary.default.border}",
            "type": "color"
          },
          "background-color": {
            "value": "{semantic.color.actions.secondary.hover.background}",
            "type": "color"
          },
          "icon-color": {
            "value": "{semantic.color.actions.secondary.hover.text}",
            "type": "color"
          }
        },
        "ghost": {
          "background-color": {
            "value": "{semantic.color.actions.secondary.hover.quiet-background}",
            "type": "color"
          },
          "icon-color": {
            "value": "{semantic.color.actions.secondary.hover.quiet-text}",
            "type": "color"
          }
        }
      },
      "active": {
        "solid": {
          "background-color": {
            "value": "{semantic.color.actions.secondary.active.background}",
            "type": "color"
          },
          "icon-color": {
            "value": "{semantic.color.actions.secondary.active.text}",
            "type": "color"
          }
        },
        "outlined": {
          "border-color": {
            "value": "{semantic.color.actions.secondary.active.border}",
            "type": "color"
          },
          "background-color": {
            "value": "{semantic.color.actions.secondary.active.background}",
            "type": "color"
          },
          "icon-color": {
            "value": "{semantic.color.actions.secondary.active.text}",
            "type": "color"
          }
        },
        "ghost": {
          "background-color": {
            "value": "{semantic.color.actions.secondary.active.quiet-background}",
            "type": "color"
          },
          "icon-color": {
            "value": "{semantic.color.actions.secondary.active.quiet-text}",
            "type": "color"
          }
        }
      }
    },
    "negative": {
      "default": {
        "solid": {
          "background-color": {
            "value": "{semantic.color.actions.negative.default.border}",
            "type": "color"
          },
          "icon-color": {
            "value": "{semantic.color.actions.negative.default.text}",
            "type": "color"
          }
        },
        "outlined": {
          "border-color": {
            "value": "{semantic.color.actions.negative.default.border}",
            "type": "color"
          },
          "background-color": {
            "value": "{color.neutrals.transparent}",
            "type": "color"
          },
          "icon-color": {
            "value": "{semantic.color.actions.negative.default.border}",
            "type": "color"
          }
        },
        "ghost": {
          "background-color": {
            "value": "{semantic.color.actions.negative.default.quiet-background}",
            "type": "color"
          },
          "icon-color": {
            "value": "{semantic.color.actions.negative.default.quiet-text}",
            "type": "color"
          }
        }
      },
      "hover": {
        "solid": {
          "background-color": {
            "value": "{semantic.color.actions.negative.hover.background}",
            "type": "color"
          },
          "icon-color": {
            "value": "{semantic.color.actions.negative.hover.text}",
            "type": "color"
          }
        },
        "outlined": {
          "border-color": {
            "value": "{semantic.color.actions.negative.default.border}",
            "type": "color"
          },
          "background-color": {
            "value": "{semantic.color.actions.negative.hover.background}",
            "type": "color"
          },
          "icon-color": {
            "value": "{semantic.color.actions.negative.hover.text}",
            "type": "color"
          }
        },
        "ghost": {
          "background-color": {
            "value": "{semantic.color.actions.negative.hover.quiet-background}",
            "type": "color"
          },
          "icon-color": {
            "value": "{semantic.color.actions.negative.hover.quiet-text}",
            "type": "color"
          }
        }
      },
      "active": {
        "solid": {
          "background-color": {
            "value": "{semantic.color.actions.negative.active.background}",
            "type": "color"
          },
          "icon-color": {
            "value": "{semantic.color.actions.negative.active.text}",
            "type": "color"
          }
        },
        "outlined": {
          "border-color": {
            "value": "{semantic.color.actions.negative.active.border}",
            "type": "color"
          },
          "background-color": {
            "value": "{semantic.color.actions.negative.active.background}",
            "type": "color"
          },
          "icon-color": {
            "value": "{semantic.color.actions.negative.active.text}",
            "type": "color"
          }
        },
        "ghost": {
          "background-color": {
            "value": "{semantic.color.actions.negative.active.quiet-background}",
            "type": "color"
          },
          "icon-color": {
            "value": "{semantic.color.actions.negative.active.quiet-text}",
            "type": "color"
          }
        }
      }
    },
    "disabled": {
      "solid": {
        "background-color": {
          "value": "{semantic.color.actions.primary.disabled.background}",
          "type": "color"
        },
        "icon-color": {
          "value": "{semantic.color.actions.primary.disabled.text}",
          "type": "color"
        }
      },
      "outlined": {
        "border-color": {
          "value": "{semantic.color.actions.primary.disabled.border}",
          "type": "color"
        },
        "background-color": {
          "value": "{semantic.color.actions.primary.disabled.background}",
          "type": "color"
        },
        "icon-color": {
          "value": "{semantic.color.actions.primary.disabled.text}",
          "type": "color"
        }
      },
      "ghost": {
        "background-color": {
          "value": "{color.neutrals.transparent}",
          "type": "color"
        },
        "icon-color": {
          "value": "{semantic.color.actions.primary.disabled.background}",
          "type": "color"
        }
      }
    },
    "border-radius": {
      "value": "{semantic.border-radius.actions}",
      "type": "borderRadius"
    },
    "round": {
      "border-radius": {
        "value": "{semantic.border.radius.round}",
        "type": "borderRadius"
      }
    },
    "border-width": {
      "value": "{semantic.border-width.actions}",
      "type": "borderWidth"
    },
    "xs": {
      "icon-size": {
        "value": "{size.150}",
        "type": "sizing"
      },
      "height": {
        "value": "{size.300}",
        "type": "sizing"
      },
      "width": {
        "value": "{size.300}",
        "type": "sizing"
      }
    },
    "sm": {
      "icon-size": {
        "value": "{semantic.sizing.actions.icon-size.xs}",
        "type": "sizing"
      },
      "height": {
        "value": "{semantic.sizing.actions.xs}",
        "type": "sizing"
      },
      "width": {
        "value": "{semantic.sizing.actions.xs}",
        "type": "sizing"
      }
    },
    "md": {
      "icon-size": {
        "value": "{size.250}",
        "type": "sizing"
      },
      "height": {
        "value": "{semantic.sizing.actions.sm}",
        "type": "sizing"
      },
      "width": {
        "value": "{semantic.sizing.actions.sm}",
        "type": "sizing"
      }
    },
    "lg": {
      "icon-size": {
        "value": "{semantic.sizing.actions.icon-size.sm}",
        "type": "sizing"
      },
      "height": {
        "value": "{semantic.sizing.actions.md}",
        "type": "sizing"
      },
      "width": {
        "value": "{semantic.sizing.actions.md}",
        "type": "sizing"
      }
    },
    "outline": {
      "border-width": {
        "value": "{semantic.border-width.focus}",
        "type": "borderWidth"
      },
      "border-color": {
        "value": "{semantic.color.focus.border}",
        "type": "color"
      }
    }
  }
}