{
  "tooltip": {
    "border-radius": {
      "value": "{semantic.border-radius.feedback}",
      "type": "borderRadius"
    },
    "font-family": {
      "value": "{semantic.font-family.font-family.feedback}",
      "type": "fontFamilies"
    },
    "font-weight": {
      "value": "{semantic.font-weight.feedback.regular}",
      "type": "fontWeights"
    },
    "text-size": {
      "value": "{semantic.font-size.feedback.s}",
      "type": "fontSizes"
    },
    "text-color": {
      "value": "{semantic.color.feedback.neutral.background-color}",
      "type": "color"
    },
    "background-color": {
      "value": "{semantic.color.feedback.neutral.border-color}",
      "type": "color"
    },
    "padding-left": {
      "value": "{semantic.spacing.feedback.padding-left}",
      "type": "spacing"
    },
    "padding-right": {
      "value": "{semantic.spacing.feedback.padding-right}",
      "type": "spacing"
    },
    "padding-top": {
      "value": "{semantic.spacing.feedback.padding-top}",
      "type": "spacing"
    },
    "padding-bottom": {
      "value": "{semantic.spacing.feedback.padding-bottom}",
      "type": "spacing"
    }
  }
}