[
  {
    "id": "b9d577a0fc351944cee77506bfb7d66d1fc419f7",
    "name": "light",
    "selectedTokenSets": {
      "comp/button": "enabled",
      "core/border": "source",
      "core/color": "source",
      "core/opacity": "source",
      "core/size": "source",
      "core/space": "source",
      "core/typography": "source",
      "semantic/dark": "disabled",
      "comp/checkbox": "enabled",
      "comp/input": "enabled",
      "comp/radio": "enabled",
      "comp/select": "enabled",
      "comp/switch": "enabled",
      "comp/avatar": "enabled",
      "comp/tag": "enabled",
      "comp/heading": "enabled",
      "comp/icon": "enabled",
      "comp/icon-button": "enabled",
      "comp/tab": "enabled",
      "comp/text": "enabled",
      "comp/tooltip": "enabled",
      "Brand-ChakraDemo/dark": "disabled",
      "comp/test": "disabled",
      "comp/card": "enabled",
      "semantic/light": "enabled",
      "Brand-ChakraDemo/light": "disabled"
    },
    "$figmaStyleReferences": {}
  },
  {
    "id": "fb45d30f0ac850488c23227943cf3be075a6191d",
    "name": "dark",
    "selectedTokenSets": {
      "comp/button": "enabled",
      "core/border": "source",
      "core/color": "source",
      "core/opacity": "source",
      "core/size": "source",
      "core/space": "source",
      "core/typography": "source",
      "semantic/dark": "enabled",
      "comp/checkbox": "enabled",
      "comp/input": "enabled",
      "comp/radio": "enabled",
      "comp/select": "enabled",
      "comp/switch": "enabled",
      "comp/avatar": "enabled",
      "comp/tag": "enabled",
      "comp/heading": "enabled",
      "comp/icon": "enabled",
      "comp/icon-button": "enabled",
      "comp/tab": "enabled",
      "comp/text": "enabled",
      "comp/tooltip": "enabled",
      "Brand-ChakraDemo/dark": "disabled",
      "comp/test": "disabled",
      "comp/card": "enabled",
      "semantic/light": "enabled",
      "Brand-ChakraDemo/light": "disabled"
    },
    "$figmaStyleReferences": {}
  }
]